Pregunta Nº,Tema,Pregunta,Respuesta correcta,Respuesta incorrecta 1,Respuesta incorrecta 2,Descripción (mensaje que se obtiene al elegir la respuesta)
1,Política Nacional,¿En qué año se comenzó a aplicar el esquema de pago de ganancias conocido como la 'Tablita de Machinea'?,2000,1990,1980,"La reforma tributaria impulsada por el gobierno de la Alianza fue aprobada por el Congreso en diciembre de 1999, pero empezó a regir a partir del año 2000."
2,Política Nacional,¿Quién es hoy el presidente del PJ Bonaerense?,Maximo Kirchner ,Veronica Magario,Gustavo Menéndez,"Maximo Kirchner, asumió como presidente del PJ bonaerense en diciembre de 2021 y permanece en el cargo desde entonces."
3,Política Nacional,¿Quién fue el primer ministro de Economía de Néstor Kirchner en 2003?,Roberto Lavagna,Jorge Remes Lenicov,Miguel Peirano,Lavagna asumió como ministro de Economía y Producción en abril de 2002 durante la Presidencia interina de Duhalde. N. Kirchner lo confirmó en el cargo en 2003. 
4,Política Nacional,¿Qué vicepresidente renunció en el año 2000?,"Carlos ""Chacho"" Álvarez",Graciela Fernández Meijide,José Machinea,"Carlos Álvarez renunció en forma indeclinable a su cargo el 6 de octubre de 2000, había sido electo sólo un año antes."
5,Política Nacional,¿Quién ocupa el juzgado federal con competencia en las elecciones? ,María Servini de Cubría,Daniel Rafecas,Marcelo Martínez de Giorgi,Servini de Cubría ocupa el Juzgado Federal nro 1 desde noviembre de 1990.
6,Política Nacional,"¿En qué ciudad se organizó el cónclave de la UCR que definió la integración radical a Cambiemos, en 2015?",Gualeguaychú,Paraná,Zárate,"En la Convención de Gualeguaychú, con el aval de 186 delegados sobre 330, la UCR decidió formar una alianza con el PRO y la Coalición Cívica que llamarían ""Cambiemos""."
7,Política Nacional,¿Qué ministro estuvo en su cargo durante la gestión de Mauricio Macri y la de Cristina Kirchner?,Lino Barañao,Alberto Fernández,Oscar Aguad,"Barañao fue único ministro que tuvo continuidad entre gestiones, ocupó el Ministerio de Ciencia por más de 10 años."
8,Política Nacional,¿Qué ex-futbolista fue Secretario de Deportes?,Roberto Perfumo,Norberto Alonso,Diego Latorre,"Perfumo fue Secretario de Deportes durante la presidencia de Néstor Kirchner, fue sucedido por Claudio Morresi, otro ex futbolista."
9,Política Nacional,¿Quién es el gobernador de Misiones?,Oscar Herrera Ahuad,Maurice Closs,Hugo Passalacqua,"El actual gobernador de Misiones es Oscar Herrera Ahuad, quien será sustituido el 10 de diciembre de 2023 por Hugo Passalacqua, gobernador electo."
10,Política Nacional,¿Quién es el gobernador de Córdoba?,Juan Schiaretti,Martín Llaryora,Luis Juez,"Hasta el 10 de diciembre de 2023, el gobernador de Córdoba es Juan Schiaretti, luego de esa fecha será sucedido por Martín Llaryora, gobernador electo."
11,Política Nacional,¿Quién fue la primera gobernadora electa de Argentina?,Fabiana Ríos,Lucía Corpacci,Rosana Bertone,"Fabiana Ríos fue la primera mujer electa gobernadora de una provincia, en Tierra del Fuego en 2007."
12,Política Nacional,¿Qué candidato ocupó el primer puesto en las elecciones presidenciales de 2003?,Carlos Menem,Néstor Kirchner,Ricardo López Murphy,"Menem obtuvo el 24% de los votos, frente al 22% de Kirchner y al 16% de López Murphy. "
13,Política Nacional,¿Cuántas mujeres fueron electas gobernadoras de alguna provincia en toda la historia?,7,9,19,"Fabiana Ríos (T. del Fuego), Lucía Corpacci (Catamarca), Claudia Ledesma Abdala (Santiago del Estero), Ma. Eugenia Vidal (Buenos Aires), Alicia Kirchner (Sta Cruz), Rosana Bertone (T. del Fuego) y Arabela Marisa Carreras (Río Negro) encabezaron la fórmula para la gobernación y ganaron. "
14,Política Nacional,¿Qué partido del Conurbano Bonaerense cuenta con la misma familia en la intendencia desde 1983?,San Isidro,La Matanza,Lomas de Zamora,"En 1999, Gustavo Posse fue electo Intendente de San Isidro y, desde entonces, ocupa el cargo. Antes de él, el distrito lo gobernó su padre, Melchor Posse, durante 16 años. En 2023, la candidata es Macarena Posse, hija de Gustavo, nieta de Melchor."
15,Política Nacional,¿Qué presidente/a firmó un mayor número de Decretos de Necesidad y Urgencia (DNU)?,Néstor Kirchner,Mauricio Macri,Alberto Fernandez ,Néstor Kirchner firmó 236 decretos en 4 años de presidencia.
17,Política Nacional,De las siguientes provincias ¿cuál está gobernada por Juntos por el Cambio?,Jujuy,Córdoba,Tierra del Fuego,"Gerardo Morales es gobernador de Jujuy desde el 10 de diciembre de 2015. A partir del 10 de diciembre de 2023, la provincia estara a cargo de Carlos Sadir, gobernador electo, también de Juntos."
18,Política Nacional,¿Quién fue la primera candidata a diputada en Argentina en el año 1919?,Julieta Lanteri,Alicia Moreau de Justo,Elvira Rawson,Lanteri es también la fundadora del Partido Feminista Nacional.
19,Política Nacional,¿Qué ministro de la actual Corte Suprema fue convencional constituyente en la reforma de 1994?,Juan Carlos Maqueda,Carlos Rosenkrantz,Ricardo Lorenzetti,"En 1994, se reformó la Constitución Nacional. Entre lo integrantes de la Convención Constituyente se encontraban los actuales jueces de la Corte Juan Maqueda y Horacio Rosatti."
20,Política Nacional,¿Cuántos ministerios existen actualmente en la Argentina?,19,21,11,"Incluyendo a la Jefatura de gabinete, Argentina tiene 19 ministerios nacionales. Hasta el 2022 el gobierno de Alberto Fernández contó con 21 ministerios, pero el número se redujo con la unificación de los ministerios de Agricultura y Producción al Ministerio de Economia."
21,Política Nacional,"¿Qué ciudadano argentino fue parlamentario, juez de la corte, gobernador, presidente y vicepresidente de la Nación?",José Figueroa Alcorta,Faustino Sarmiento,Nadie,"Figuero Alcorta fue diputado nacional, senador nacional, gobernador de Córdoba, vicepresidente y presidente de la Nación. También, fue juez de la Corte Suprema."
22,Política Nacional,¿Quién es el actual ministro de Defensa?,Jorge Taiana,Agustín Rossi,Martín Soria,"Jorge Taiana asumió como ministro de Defensa el 10 de agosto de 2021, en reemplazo de Agustín Rossi."
23,Política Nacional,¿Cuántos ministerios están liderados por mujeres actualmente?,4,3,5,"Carla Vizzotti es la titular del Ministerio de Salud, Raquel ""Kelly"" Olmos del Ministerio del Trabajo, Victoria Tolosa Paz se encuentra al frente del Ministerio de Desarrollo Social y Ayelén Mazzina en el Ministerio de las Mujeres. Son 4 sobre 21 ministerios."
24,Política Nacional,¿Quién es el jefe de gabinete del gobernador Axel Kicillof?,Martín Insaurralde,Mariano Cascallares,Fernando Espinoza,Martín Insaurralde asumió como jefe de gabinete de Axel Kicillof el 20 de septiembre de 2021. Hasta ese entonces estaba a cargo de la intendencia de Lomas de Zamora.
25,Política Nacional,¿Quién es el actual ministro de Cultura?,Tristán Bauer,Pablo Avelluto,Lino Barañao,Tristán Bauer es el ministro de Cultura desde el 10 de diciembre de 2019.
26,Política Nacional,¿Quién preside la comisión de Presupuesto y Hacienda de la Cámara de Diputados?,Carlos Heller,Roberto Feletti,Gustavo Marconatto,"Carlos Heller, diputado nacional por la Ciudad de Buenos Aires, del Frente de Todos preside la comisión desde diciembre 2019. Anteriormente la presidió Luciano Laspina (PRO-Santa Fe). "
27,Política Nacional,¿Quién es el gobernador de la provincia de Salta?,Gustavo Saenz,Emiliano Estrada,Juan Manuel Urtubey,"Gustavo Sáenz es gobernador de Salta. En mayo de 2023 fue reelecto y gobernará la provincia hasta 2027.
"
28,Política Nacional,¿Quién es la presidenta del PRO?,Patricia Bullrich,Gladys González,Elisa Carrió,Patricia Bullrich es presidenta del PRO desde el 5 de febrero de 2020.
29,Política Nacional,¿A qué partido pertenece el gobernador de San Juan Sergio Uñac?,Partido Justicialista,Unión Cívica Radical,PRO,"El Partido Justicialista gobierna la provincia desde 2003, de la mano de José Luis Gioja (2003-2015) y, ahora, con Sergio Uñac (2019-presente). La provincia elegirá a un nuevo gobernador el 2 de julio. La Corte Suprema le impidió a Uñac ir por una reelección."
30,Política Nacional,¿Quien es el/la presidente provisional del Senado actualmente?,Claudia Ledesma Abdala,Cristina Fernández de Kirchner,Ines Imelda Blas,Ledesma Abdala es senadora por la provincia de Santiago del Estero y su mandato es 2019-2025. Anteriormente fue diputada nacional (2017-2019) y gobernadora de la provincia (2013-2017).
,,,,,,
1,Frases Memorables,¿Quién dijo “dentro de poco llegaremos de Argentina a Japón en una hora volando en cohete por la estratosfera”?,Carlos Menem,Néstor Kirchner,Mauricio Macri,"En 1996, el presidente Carlos Menem anticipó que ""en el corto plazo"" se iba a licitar un sistema de vuelos espaciales para comunicar Argentina con otros destinos, en tiempo récord."
2,Frases Memorables,"¿Quién dijo ""el peronismo triunfará conmigo o sinmigo”?",Herminio Iglesias,Fernando Iglesias,Evaristo Iglesias,"La frase corresponde a Herminio Iglesias, candidato a Gobernador bonaerense en la campaña de 1983."
3,Frases Memorables,"¿Quién dijo “que se pierdan cien gobiernos, pero que se salven los principios”?",Hipólito Yrigoyen,Raúl Alfonsín,Ricardo Alfonsín,"La frase está atribuida a Hipólito Yrigoyen, en 1916, año en que ganó la presidencia argentina"
4,Frases Memorables,"¿Quién dijo  “a vos no te va tan mal, gordito”?",Raúl Alfonsín,Patricia Bullrich,Aníbal Fernández,"En un acto en Chos Malal, en 1987, en medio del discurso sobre el traslado de la Capital Federal a Viedma, Raúl Alfonsín tuvo un contrapunto con un asistente enojado. "
5,Frases Memorables,"¿Quién dijo ""debo ser la reencarnación de un gran arquitecto egipcio""?",Cristina Kirchner,Guillermo Moreno,Axel Kicillof,"En 2012, mientras anunciaba las obras del polo audiovisual, en la Isla de Marchi, CFK reveló su entusiasmo por construir y diseñar estructuras."
6,Frases Memorables,"¿Quièn dijo ""qué lindo es dar buenas noticias""?",Fernando de la Rúa,Eduardo Duhalde,Mauricio Macri,"El entonces presidente Fernando de la Rúa, manifestó su felicidad en un spot en el que anunciaba el ""Blindaje 2000"", otorgado por el FMI, en diciembre del año 2000."
7,Frases Memorables,"¿Quién dijo ""no habrá devaluación brusca, la tendencia de los últimos días se acaba esta semana”?",Celestino Rodrigo,Axel Kicillof,Nicolás Dujovne,"Celestino Rodrigo, ministro de Economía de Martínez de Perón, es recordado por una brusca devaluación del peso de más del 60%, :el ""Rodrigazo""."
8,Frases Memorables,"¿Qué candidato hizo campaña ""por los niños pobres que tienen hambre y por los niños ricos que tienen tristeza”?",Carlos Menem,Eduardo Duhalde,Fernando De la Rúa,"En la campaña presidencial de 1989, Carlos Menem hizo una larga enumeración en la que también recordó a los ""jubilados"", ""desempleados"" y ""personas sin techo""."
9,Frases Memorables,"¿Quién dijo ""si el mercado quiere dólares, le vamos a dar con el látigo”?",José Machinea,Guillermo Moreno,Nicolás Dujovne,"José Luis Machinea, presidente del Banco Central, no pudo frenar a latigazos la corrida bancaria de 1989."
10,Frases Memorables,"¿Quién dijo ""este viejo adversario despide a un amigo""?",Ricardo Balbín,Juan Domingo Perón,Arturo U. Illia,"La frase está atribuida a Hipólito Irigoyen, en 1916, año en que ganó la presidencia argentina."
11,Frases Memorables,"¿Quién dijo ""aquí no hay crisis, ni problemas"" en octubre del 2000?",Fernando De la Rúa,Carlos Álvarez,Eduardo Duhalde,Fernando De la Rúa envió este mensaje a la ciudadanía para transmitir tranquilidad.
12,Frases Memorables,"¿Quíen dijo ""señor Presidente, como Jesús dijo a sus discípulos: lo que haya que hacer, hagámoslo rápido""?",Miguel Ángel Pichetto,Julio Cobos,Ernesto Sanz,"En la sesión del Senado en la que se discutió la 125, esquema de retenciones móviles para el agro, Miguel Pichetto tuvo un momento bíblico justo antes del voto ""no positivo"" de Cobos"
13,Frases Memorables,"¿Quién dijo, en octubre del 2000, ""aquí no hay crisis, ni problemas""?",Fernando De la Rúa,Carlos Álvarez,Eduardo Duhalde,Fernando De la Rúa envió este mensaje a la ciudadanía para transmitir tranquilidad.
14,Frases Memorables,"¿Quién dijo ""no me gusta el timbreo""?",Emilio Monzó,Federico Pinedo,Felipe Solá,"En una sesión de Diputados, los legisladores le pidieron al Presidente de la Cámara que llame al orden tocando la campana y Monzó respondió con una ironía: ""no me gusta el timbreo""."
15,Frases Memorables,"¿Quién dijo ""los bancos tendrán que abrir sus puertas y que sea lo que Dios quiera”?",Eduardo Duhalde,Mauricio Macri,Alberto Fenández,"Luego del ""corralito"" y diciembre de 2001, el entonces presidente Eduardo Duhalde usó esta frase para presionar a un Congreso que no quiso aprobar sus reformas económicas."
16,Frases Memorables,"¿Quién dijo ""los brasileros salieron de la selva""?",Alberto Fenández,Mauricio Macri,Néstor Kirchner,"En una conferencia de prensa, Alberto Fernández dijo ""los mexicanos salieron de los indios, los brasileros salieron de la selva, pero nosotros los argentinos llegamos de los barcos""."
17,Frases Memorables,"¿Quién dijo ""en campaña saben hasta la fórmula de la Coca Cola, después no saben hacer ni un mate cocido""? ",Cristina Kirchner,Axel Kicillof,María Eugenia Vidal,"En 2014,  en un acto en Formosa, Cristina Kirchner se refirió a la diferencia entre la campaña y la gestión.   "
18,Frases Memorables,"¿Quién dijo ""llevo en mis oídos la más maravillosa música que, para mí, es la palabra del pueblo argentino""?",Juan D. Perón,Eva Perón,Arturo Frondizi,"En 1974, al cierre del que sería su último discurso desde el balcón de la Rosada, Juan Domingo Perón pronunció esta frase, que sonó como un adiós. "
19,Frases Memorables,"¿Quién dijo ""hay que pasar el invierno""?",Alvaro Alsogaray,Domingo Cavallo,Martín Guzmán,"En 1959, el Ministro de Economía Álvaro Alsogaray presentó su ""“Plan de Estabilidad y Desarrollo”"" y el frío del invierno congeló los bolsillos."
20,Frases Memorables,"¿Quién dijo ""tenemos que tratar de no robar, por lo menos, dos años en este país""?",Luis Barrionuevo,Hugo Moyano,Elisa Carrió,"En 1990, en horario central de la televisión, el sindicalista Luis Barrionuevo compartió esta idea como una medida para ""sacar al país adelante""."
21,Frases Memorables,"¿Quién dijo ""con la democracia se cura, se come y se educa""?",Raúl Alfonsín,Carlos Menem,Fernando de la Rúa,"Raúl Alfonsín pronunció estas palabras cuando asumió como Presidente, el 10 de diciembre de 1983."
22,Frases Memorables,"¿Quién dijo ""el que depositó dólares, recibirá dólares""?",Eduardo Duhalde,Adolfo Rodríguez Saá,Ramón Puerta,"Eduardo Duhalde dijo esta frase en el marco de su asunción como Presidente el 2 de enero de 2002, luego del ""corralito"" y de los eventos de diciembre de 2001."
23,Frases Memorables,"¿Quién dijo ""tenemos el mejor equipo de los últimos 50 años""?",Mauricio Macri,Alberto Fernández,Néstor Kirchner,"El 2 de diciembre de 2015, ocho días antes de asumir como Presidente de la Nación, Mauricio Macri presentó a su gabinete con esta frase."
24,Frases Memorables,"¿Quién dijo ""veníamos bien, pero pasaron cosas""?",Mauricio Macri,Rogelio Frigerio,Patricia Bullrich,"En una entrevista con Jorge Lanata en junio de 2018, Mauricio Macri opinó sobre el aumento de la inflación y la devaluación del peso."
25,Frases Memorables,"¿Quién dijo ""nadie nos va a robar la Republiquita porque está muy sana""?",Elisa Carrió,Mauricio Macri,Axel Kicillof,Carrió esbozó esta frase durante una reunión del gabinete ampliado de Mauricio Macri en agosto de 2019.
26,Frases Memorables,"¿Quién dijo , refiriendosé al Riachuelo, ""vamos a ir allí a pasear en barco, a tomar mate, a bañarnos y a pescar""?",Carlos Menem,Mauricio Macri,Domingo Cavallo,El entonces Presidente Menem exageró la eficacia de la política de saneamiento del Riachuelo que impulsó a principios de los 90s.
27,Frases Memorables,"¿Quién dijo ""que toda la Argentina se enamore de Christine Lagarde""?",Mauricio Macri,Alfonso Prat-Gay,Nicolás Dujovne,"En 2018, Mauricio Macri habló de ""la gran relación"" que tenía con la entonces titular del Fondo Monetario Internacional."
28,Frases Memorables,"¿Quién dijo ""solo hay que tenerle temor a Dios, y a mí un poquito también?""",Cristina Kirchner,Mauricio Macri,Néstor Kirchner,"La entonces presidenta Cristina Kirchner, en un discurso en 2012, le recordó a funcionarios nacionales dónde dirigir sus temores."
29,Frases Memorables,"""Quién dijo ""Qué vocación de colonia, hermano""?",Cristina Kirchner,Santiago Cafiero,Aníbal Fernández,"En el acto de conmemoración del 25 de Mayo, la actual vicepresidenta usó esta frase para referirse a algunos dirigentes que se pusieron ""contentos"" por la flexibilización de legislaciones que regulan la extracción de litio."
30,Frases Memorables,"¿Quién dijo ""Suiza es más tranquilo, pero más aburrido""?",Sabina Frederic,Aníbal Fernández,Sergio Berni,La ex titular del Ministerio de Seguridad dijo esta frase en agosto de 2021 al hablar sobre la inseguridad en Argentina.
,,,,,,
1,Legislativas,¿Quienes forman la Asamblea Legislativa?,Diputados + Senado ,Senado + Gabinete,sólo el Senado,"Asamblea Legislativa es la reunión conjunta y simultánea de la Cámara de Senadores y de la Cámara de Diputados. Se reúne los 1ro de marzo de cada año, para dar comienzo a las sesiones. "
2,Legislativas,¿Quién preside la Cámara de Diputados?,Cecilia Moreau,Máximo Kirchner,Anibal Fernández,"Cecilia Moreau preside la Cámara de Diputados desde el 2 de agosto de 2022, tras la renuncia de Sergio Massa que abandonó el cargo para asumir como Ministro de Economía."
3,Legislativas,¿Qué período legislativo comenzó el 1 de marzo de 2023?,141,125,143,"Es el período 141. El primero fue en el año 1862, el primer mensaje al Congreso fue dirigido en 1863 por el entonces Presidente Bartolomé Mitre."
4,Legislativas,¿En qué año el Congreso sancionó más leyes?,2020,2021,2022,"En 2020, el Congreso sesionó 48 veces y aprobó 65 leyes, un 56% mas que en 2022. "
5,Legislativas,¿En qué año se inauguró el edificio del Palacio del Congreso?,En 1906,En 1896,En 1946,"La obra se inició en 1897, pero el Palacio fue inaugurado el 12 de mayo de 1906, en la apertura del 45º Período Legislativo. La obra fue concluida en 1946."
6,Legislativas,Además de legisladores y funcionarios autorizados ¿Quiénes pueden participar de una sesión secreta en el Congreso?,Taquígrafos,Prensa autorizada por la cámara,Nadie más puede participar,Taquígrafas y taquígrafos. Tienen que jurar guardar el secreto.
7,Legislativas,¿Cuántas veces se puede renovar una banca en el Congreso?,No tiene límites,Solo dos,Solo dos consecutivas,"Como en muchos otros países, las bancas en el Congreso pueden ser renovadas indefinidamente."
8,Legislativas,"Según la Constitución, ¿Qué edad es necesaria para aspirar a una banca en el Senado?",30,18,35,"Según el artículo 55 de la Constitución, para integrar el Senado es necesario ser elegidos senador ""tener la edad de treinta años"""
9,Legislativas,¿Cuál de los siguientes no pertenece al Poder Legislativo?,Sindicatura General de la Nación (SIGEN),Auditoría General de la Nación (AGN),Biblioteca del Congreso,La Sindicatura General de la Nación (SIGEN) es el órgano rector del sistema de control interno de la gestión del sector público y es parte del Poder Ejecutivo .
10,Legislativas,¿Por qué Cámara ingresan las iniciativas populares?,Diputados,Senado,Se sortea,Las iniciativas populares deben ingresar por la Cámara de Diputados. La Cámara tiene la obligación de tratar el proyecto para aprobarlo o rechazarlo.
11,Legislativas,"¿Según la Constitución, cada cuántos años debería reverse la conformación de la Cámara de Diputados?",Después de cada censo,Cada 10 años,Cuando se sanciona una ley al respecto,"Después de cada censo nacional se actualiza la cantidad de bancas en la Cámara de Diputados, con el criterio de que a ningún distrito se le puede disminuir la cantidad de bancas. Sin embargo, no es algo que suceda en la práctica. "
12,Legislativas,¿Qué porcentaje del total de la Cámara de Diputados son mujeres?,44%,38%,"55,5%","De acuerdo al Directorio Legislativo 2022-2023, 115 de 257 bancas (el 44%) están ocupadas por mujeres."
13,Legislativas,¿Cuál es la carrera universitaria más elegida por los actuales legisladores del Congreso?,Abogacía,Ciencias Políticas,Ingeniería,"De acuerdo al Directorio Legislativo 2022-2023, de un total de 72 senadores, 22 estudiaron abogacía. Es la carrera universitaria más elegida en el Senado."
14,Legislativas,¿Qué porcentaje de los actuales diputados declaró haber tenido una actividad parlamentaria previa a asumir su banca?,33%,37%,53%,El 33% de la Cámara declara haber tenido actividad parlamentaria previa. Este dato surge de la información recabada en el Directorio Legislativo 2022-2023.
15,Legislativas,¿Cuántos años tenía Carlos Menem cuando asumió como senador en 2017?,87,84,81,Carlos Menem fue el senador de mayor edad en la historia del Congreso al asumir su cargo en 2017 con 87 años.
16,Legislativas,"De las cuatro autoridades de la Cámara de Diputados, ¿cuántas son mujeres?",1,0,2,"Desde agosto de 2022 la Cámara de Diputados es presidida por una mujer, Cecilia Moreau. "
17,Legislativas,"De las cinco autoridades de la Cámara de Senadores, ¿cuántas son mujeres?",3,2,0,"La presidenta es Cristina Kirchner,  Claudia Ledesma Abdala de Sgo del Estero es la presidenta provisional, y Guadalupe Tagliaferri de la Ciudad Autónoma de Buenos Aires es vicepresidenta segunda. "
18,Legislativas,¿Cuántos mandatos como diputada ha tenido Graciela Camaño?,8,7,6,8 mandatos (1987-91; 1997-2001; 2001-02; 2003-07; 2007-11; 2011-15; 2015-19; 2019-2023).
19,Legislativas,¿Cuántos legisladores han sido desaforados desde el retorno de la democracia?,3,6,1,"Formalmente fueron desaforadas tres personas en la Cámara de Diputados: Angeloz, Patti y De Vido. El represor Luis Patti fue desaforado antes de jurar como diputado."
20,Legislativas,¿Qué Jefe de Gabinete asistió más veces a dar su informe de gestión al Congreso?,Marcos Peña,Jorge Capitanich,Agustín Rossi,"Entre 2016 y 2019, Marcos Peña asistió 20 veces al Congreso, 11 veces a la Cámara de Diputados y 9 veces al Senado. Es el jefe de Gabinete que más veces asistió al Congreso."
21,Legislativas,¿Cuál de las siguientes no es más senadora?,Cristina Kirchner,Juliana Di Tullio,Gladys González,"Cristina Kirchner es la presidenta del Senado por su cargo en funciones como vicepresidenta de la Nación. Desde 2019, no es más senadora."
22,Legislativas,¿Cuántos períodos legislativos tiene vigencia un pedido de juicio político?,3,2,No caducan,Los pedidos de juicio político son proyectos de resolución con la particularidad de que tienen 3 años de vigencia.
23,Legislativas,¿Qué legislador actual fue medallista olímpico?,Carlos Espínola,Daniel Scioli,Carlos Castagneto,"En Atlanta, Sídney, Atenas y Pekín, ""Camau"" Espínola ganó cuatro medallas olímpicas, dos de plata y dos de bronce."
24,Legislativas,¿Por qué distrito es senador Mariano Recalde?,Ciudad Autónoma de Buenos Aires,Buenos Aires,Santa Fe,"En diciembre de 2019, Recalde asumió como senador nacional por la Ciudad Autónoma de Buenos Aires. Previamente, fue Presidente de Aerolíneas Argentinas y legislador porteño."
25,Legislativas,¿Por qué distrito es senadora Gladys González?,Buenos Aires,Ciudad Autónoma de Buenos Aires,Santa Fe,"En diciembre de 2017 asumió como senador nacional por la Provincia de Buenos Aires. Previamente, fue diputada por el mismo distrito."
27,Legislativas,¿Por qué distrito fue senadora Cristina Kirchner entre 2001 y 2005?,Santa Cruz,Buenos Aires,Ciudad Autónoma de Buenos Aires,"En 2001 fue electa Senadora por Santa Cruz. En el período anterior, entre 1997 y 2001, fue diputada nacional por el mismo distrito."
28,Legislativas,¿Cuántas veces fue elegido Carlos Menem como senador por La Rioja?,Tres,Cinco,Dos,Carlos Menem ingresó al Senado el 10 de diciembre de 2005. Renovó su banca en 2011 y en 2017.
29,Legislativas,¿Cuál fue el último presidente no bonaerense de la Cámara de Diputados?,Eduardo Fellner,Julián Domínguez,Eduardo Camaño,"El último presidente no bonaerense de la Cámara fue Eduardo Fellner de Jujuy. Luego lo sucedieron los bonaerenses Julián Domínguez, Emilio Monzó, Sergio Massa y, ahora, Cecilia Moreau."
30,Legislativas,¿Quién presidió la Cámara de Diputados entre 2019 y 2022?,Sergio Massa,Emilio Monzo,Cristina Kirchner,"Sergio Massa fue el presidente de la Cámara de Diputados desde diciembre de 2019 a 2022. Fue sucedido por Cecilia Moreau, cuando Massa dejó su puesto para ocuparse del Ministerio de Economía. "
,,,,,,
1,Latinoamérica,¿Quién es el presidente de Perú?,Dina Boluarte,Martín Vizcarra,Pedro Castillo,"Dina Boluarte ocupa la presidencia (por sucesión) de la República del Perú desde diciembre de 2022, luego de que Pedro Castillo fuera destituido por el Congreso tras el intento de Castillo de instaurar un ""gobierno de excepción""."
2,Latinoamérica,¿Quién es el presidente de Ecuador?,Guillermo Lasso,Lenín Moreno,Rafael Correa,"Guillermo Lasso es el presidente de Ecuador desde julio de 2021, luego de ganar por balotaje con el 52,36% de votos. El 20 de Agosto se llevarán a cabo elecciones anticipadas que definirán el próximo presidente."
3,Latinoamérica,¿Cuál de los siguientes países tienen un poder legislativo unicameral?,Perú,Bolivia,Paraguay,"Desde el año 1995, Perú tiene un Congreso unicameral. La eliminación de una cámara se estableció con la reforma constitucional del 93."
4,Latinoamérica,¿A partir de qué año podrán ser reelectos los senadores mexicanos?,Desde 2024,No pueden,Desde 1917,"En 2014 el Congreso mexicano aprobó una reforma política que habilita la reelección de senadores, a partir de los comicios de 2024."
5,Latinoamérica,En México los proyectos de ley se distinguen por:,Título,Número,Color,Los proyectos de ley en México no tienen número. Se identifican según su título.
6,Latinoamérica,¿Cuál de los siguientes países no publica los proyectos de ley del Congreso?,Honduras,Guatemala,Venezuela,Los proyectos de ley en Honduras son accesibles solo mediante un pedido de acceso a la información pública.
7,Latinoamérica,¿Cuanto dura en su cargo el presidente del Mercosur?,6 meses,4 años,1 año,"La presidencia del Mercosur es un cargo rotativo, es ocupada por un jefe de Estado de uno de los países miembros durante seis meses. "
8,Latinoamérica,¿En cuál de los siguientes países los proyectos de ley no caducan?,Brasil,Chile,Paraguay,"En Brasil los proyectos de ley no sólo no pierden vigencia, sino que tiene mecanismos para permitir que las iniciativas sobre temáticas similares confluyan."
9,Latinoamérica,¿Qué país de Centroamérica también elige presidente en 2023?,Guatemala,Costa Rica,El Salvador,"Guatemala elige presidente durante el 2023. El domingo 25 de junio 2023 votaron en primera vuelta. Ninguno de los candidatos logró alcanzar los votos necesario, por lo cual, el 20 de agosto, Sandra Torres de Unidad Nacional de la Esperanza (UNE)  y Bernardo Arévalo de Movimiento Semilla se enfrentarán en una segunda vuelta electoral."
10,Latinoamérica,¿Cuántos Congresos en Sudamérica tienen sólo una Cámara?,3,5,1,"Perú, Venezuela y Ecuador son los 3 países de Sudamérica con parlamentos unicamerales."
11,Latinoamérica,¿Cuál de los siguientes Congresos está compuesto por más legisladores?,Argentina,Chile,Colombia,Argentina tiene 329 legisladores a nivel nacional. Colombia tiene 280 y Chile 205.
12,Latinoamérica,"¿Qué significan las letras de AMLO, nombre con el que es conocido el presidente de México?",Andrés Manuel López Obrador,Antonio Marcos López Obrador,Armando Manuel López Obrador,"Andrés Manuel López Obrador, AMLO, fue electo presidente de México en 2018 con el 53.19% de los votos, 30 puntos más que quien salió segundo. "
13,Latinoamérica,¿En qué país no existe la segunda vuelta electoral?,México,Colombia,Argentina,"En México las elecciones presidenciales se definen por cantidad de votos, la presidencia es de quien que supera en más de 1 voto a sus adversarios."
14,Latinoamérica,¿Quién es el presidente de Uruguay?,Luis Lacalle Pou,Pepe Mujica,Tabaré Vázquez,"Luis Lacalle Pou es el presidente de la República Oriental del Uruguay, desde marzo de 2020, luego de ganar por balotaje con el 50.79% de votos"
15,Latinoamérica,¿En cuál de los siguientes países los legisladores no pueden renunciar a sus bancas?,Perú,Argentina,Brasil,"Según la Constitución peruana, los cargos legislativos son irrenunciables."
16,Latinoamérica,¿Cuál es el primer país de la región en emitir su propia moneda virtual?,Venezuela,Cuba,El Salvador,"En el 2018 Venezuela fue el primer país de la región en emitir el Petro, su propia divisa virtual. "
17,Latinoamérica,¿Cuanto dura el mandato de los senadores en Brasil?,8,4,6,"En el Senado Federal, el mandato es de ocho (8) años, sin embargo, la representación de cada estado y del Distrito Federal será renovada cada cuatro años, de manera alternada entre uno y dos tercios."
18,Latinoamérica,¿Quién es el presidente de Chile?,Gabriel Boric,Michelle Bachelet,Sebastián Piñera,"Gabriel Boric es el presidente de la República de Chile, desde 2021, luego de ganar por balotaje con el 55.87 % de los votos. "
19,Latinoamérica,¿En qué país de América Latina el segundo candidato a presidente más votado obtiene como compensación una banca en el Senado?,Colombia,El Salvador,México,En el 2015 Colombia aprobó la Reforma de Equilibrio de Poderes según la cual la segunda pareja con más votos en las elecciones presidenciales obtiene dos bancas en el Senado.
20,Latinoamérica,"¿Qué presidente de la región se autodenominó ""el Dictador más cool del mundo mundial"" en Twitter? ",Nayib Bukele (El Salvador),Alejandro Giammattei (Guatemala),Daniel Ortega (Nicaragua),"Luego de una serie de manifestaciones en 2021, y ante quienes lo tildaron de ""dictador"", Nayib Bukele cambio su descripción en twitter. "
21,Latinoamérica,"¿El poder legislativo de que país se llama ""Asamblea Nacional del Poder Popular""?",Cuba,Venezuela,Nicaragua,"Según la Constitución cubana, la Asamblea Nacional del Poder Popular es el único poder del cual emana la soberanía en el país. "
22,Latinoamérica,¿Quién es el presidente de Cuba?,Miguel Díaz-Canel,Fidel Castro,Laurentino Cortizo,"Miguel Mario Díaz-Canel Bermúdez es presidente de Cuba desde octubre de 2019 y primer secretario del Partido Comunista de Cuba, ​ elegido por la Asamblea en sustitución de Raúl Castro."
23,Latinoamérica,"Tras asumir Lula Da Silva, ¿Que edificios de gobierno ocuparon ilegalmente un grupo de manifestantes simpatizantes a Bolsonaro?",Todas son correctas,El Congreso,El Palacio Presidencial de Planalto,"Los edificios ilegalmente ocupados fueron el Congreso, el Palacio Presidencial de Planalto, y el Tribunal Supremo, ubicados en Brasilia."
24,Latinoamérica,¿En qué países latinoamericanos no existe la figura de vicepresidente/a?,Chile y México,México y Panamá,Todos los países latinoamericanos tienen vicepresidente/a,"En Chile y México no existe la figura de Vicepresidencia. Por lo tanto, las sucesiones son mediadas por el órgano legislativo."
25,Latinoamérica,"¿Cuál fue el Jefe de Estado que ingresó al Congreso, interrumpiendo la sesión en la que se trataba un proyecto de su interés?",Nayib Bukele,Nicolás Maduro,Daniel Ortega,"En 2020,  Nayib Bukele ingresó a la Asamblea Nacional de El Salvador con tropas del Ejército Nacional para presionar a la oposición por la aprobación de un crédito para financiar su plan contra la delincuencia."
26,Latinoamérica,¿Qué presidente se presentará a la reelección a pesar de no estar habilitado constitucionalmente?,Nayib Bukele,Andrés Manuel López Obrador,Nicolás Maduro,Nayib Bukele hizo oficial que irá por la reelección pese a que la Constitución de su país se lo prohíbe. 
27,Latinoamérica,¿Qué mandatario cerró la Asamblea previo al comienzo de su Juicio Político?,Guillermo Lasso,Iván Duque,Nicolás Maduro,"Guillermo Lasso, presidente de Ecuador, disolvió la Asamblea Nacional y convocó a elecciones anticipadas argumentando ""crisis política y conmoción interna"". A este fenómeno se lo conoce como “muerte cruzada”."
28,Latinoamérica,¿Quién es el Presidente de Costa Rica?,Rodrigo Chaves,Alejandro Giammattei,Laurentino Cortizo,"Rodrigo Chaves es el presidente de Costa Rica desde el 8 de mayo de 2022 por un mandato de 4 años, hasta 2026."
29,Latinoamérica,¿Cuál de estos países no forma parte de la Comunidad Andina?,Chile,Perú,Ecuador,"Los integrantes de la Comunidad Andina son Colombia, Bolivia, Ecuador y Perú."
30,Latinoamérica,¿Cuál de estos países no forma parte de la Alianza del Pacífico?,Ecuador,Colombia,Chile,"Los integrantes de la Alianza del Pacífico son Chile, Colombia, Perú y México."
,,,,,,
1,Elecciones 2021,¿Por qué distrito es candidato Diego Santilli?,Buenos Aires,Ciudad de Buenos Aires,Santa Fe,Diego Santilli encabeza la lista de Diputados de Juntos por el Cambio. En 2019 fue electo vicejefe de la Ciudad de Buenos Aires.
2,Elecciones 2021,¿Por qué distrito es candidato Roberto Mirabella?,Santa Fe,Ciudad de Buenos Aires,Córdoba,Roberto Mirabella es candidato a diputado por la Provincia de Santa Fe. Actualemente es Senador del bloque del Frente de Todos.    
3,Elecciones 2021,¿Quién es presidente del Bloque del Frente de Todos en la Cámara de Diputados?,Máximo Kirchner,Mayra Mendoza,German Martinez,"German Martinez es el prsidente del Bloque, desde febrero de 2022."
4,Elecciones 2021,¿Por qué distrito fue senadora Cristina Fernández entre 2001 y 2005?,Santa Cruz,Buenos Aires,Ciudad de Buenos Aires,"Fue senadora por Santa Cruz. En el período anterior, entre 1997 y 2001, fue diputada nacional por el mismo distrito."
5,Elecciones 2021,¿Cuántas bancas pertenecen a la provincia de Buenos Aires en la Cámara de Diputados?,70,60,50,"Son 70 bancas, más que cualquier otro distrito. El número de diputados por distrito es proporcional a su población. Se eligen mediante el sistema proporcional D'Hont"
6,Elecciones 2021,¿Cuál de las siguientes provincias tiene más bancas en la Cámara de Diputados?,Entre Ríos,Santiago del Estero,Jujuy,"A la provincia de Entre Ríos le corresponden 9 bancas, mientras que a Santiago del Estero tiene 7 bancas y a Jujuy 6. "
7,Elecciones 2021,¿Por qué distrito es candidata Victoria Tolosa Paz?,Buenos Aires,Ciudad de Buenos Aires,Santa Fe,"Victoria Tolosa Paz encabeza la lista como candidata a diputada del Frente de Todos. Actualmente, es Secretaria Ejecutiva​ del Consejo Nacional de Coordinación de Políticas Sociales."
8,Elecciones 2021,¿Por qué distrito es candidata María Eugenia Vidal?,Ciudad de Buenos Aires,Buenos Aires,Córdoba,"María Eugenia Vidal encabeza la lista como candidata a diputada de Juntos por el Cambio en la Ciudad de Buenos Aires. Anteriormente, fue Gobernadora de la Provincia."
9,Elecciones 2021,¿Cómo se renuevan las bancas en el Senado?,Por Tercios,Por mitades,Se renueva por completo,El senado se renueva por tercios: 24 bancas cada 2 años.
10,Elecciones 2021,¿Cómo se renuevan las bancas en la Cámara de Diputados?,Por mitades,Por Tercios,Se renueva por completo,La Cámara de Diputados se renueva por mitades: 127 (o 130) bancas cada 2 años.
11,Elecciones 2021,¿Cuál de las siguientes provincias tiene más bancas en la Cámara de Diputados?,Entre Ríos,Santiago del Estero,Jujuy,"A la provincia de Entre Ríos le corresponden 9 bancas, mientras que a Santiago del Estero tiene 7 bancas y a Jujuy 6. "
12,Elecciones 2021,¿Cómo se renuevan las bancas en el Senado?,Por Tercios,Por mitades,Se renueva por completo,El senado se renueva por tercios: 24 bancas cada 2 años.
13,Elecciones 2021,¿Cómo se renuevan las bancas en la Cámara de Diputados?,Por mitades,Por Tercios,Se renueva por completo,La Cámara de Diputados se renueva por mitades: 127 (o 130) bancas cada 2 años.
14,Elecciones 2021,¿Quiénes de los siguientes grupos sociales no tienen la obligación de votar?,Mayores de 70 años,Médicos de guardia,Fuerzas de seguridad,Las personas mayores de 70 no reciben sanciones si no se presentan a votar.
15,Elecciones 2021,¿Cuál de estos documentos puedo presentar para votar?,DNI,Pasaporte,Partida de nacimiento,"Para votar se puede presentar el DNI que figura en el padrón o una versión posterior. También se aceptan la Libreta de Enrolamiento o la Libreta Cívica, si son los que figuran en el Padrón. "
16,Elecciones 2021,¿Cómo se financian las campañas electorales?,Aportes públicos y privados,Aportes públicos,Aportes privados,"En Argentina, las campañas electorales de los partidos políticos se financian con un modelo mixto por el cual los partidos obtienen financiamiento público y del sector privado."
17,Elecciones 2021,¿Cuál es la multa por no votar en las Primarias (PASO)?,50 pesos,500 pesos,5000 pesos,"La multa por no votar en un acto electoral es de cincuenta pesos ($50). Si no se registra tu voto ni en las primarias ni en las elecciones generales, la multa total es de ciento cincuenta pesos ($150)."
18,Elecciones 2021,¿Cuál es la pena si siendo autoridad de mesa no te presentás?,Prisión de 6 meses a 2 años,"Nada, no hay",Pagar una multa,"Si fuiste desgnada-o autoridad de mesa, presentarse es una obligación cívica.  No presentarse es un delito electoral que tiene una pena de prisión de seis meses a dos años."
19,Elecciones 2021,¿Cómo se llaman las personas designadas por los partidos políticos que están en las Mesas Electorales?,Fiscales,Suplentes,Partidistas,Las-os fiscales de mesa son designadas-os por los partidos políticos para controlar la elección. Su función es vigilar que se respete la Ley Electoral y cuidar las boletas de su partido.
20,Elecciones 2021,¿Las donaciones privadas a una campaña política tienen tope? ,Sí,No,Depende de la provincia,Sí. Los partidos no pueden recibir de una misma persona (humana o jurídica) un monto superior al dos por ciento (2%) de los gastos permitidos para la campaña.
21,Elecciones 2021,¿Todos los partidos reciben el mismo dinero por parte del Estado?,No,Sí,Depende de la provincia,"No. La Ley establece el reparto de los fondos públicos: el 50% de los fondos se distribuyen de forma igualitaria, y el otro 50% se distribuye en forma proporcional de acuerdo al resultado de la elección anterior."
22,Elecciones 2021,¿Cuánto dura el mandato de un/a diputado/a de la Nación?,4 años,6 años,5 años,Las y los diputados tienen un mandato de 4 años
23,Elecciones 2021,¿Cuánto dura el mandato de un/a senador/a de la Nación?,6 años,4 años,Vitalicio,Las y los senadores tienen un mandato de 6 años
24,Elecciones 2021,¿Las personas electas para el Congreso pueden ser reelectas?,Sí,No,Solo en Diputados,Las bancas en el Congreso Nacional pueden renovarse indefinidamente en ambas cámaras.
25,Elecciones 2021,¿Quién elige al presidente de la Cámara de Diputados?,la Cámara de Diputados,El presidente,El presidente con acuerdo de la Corte,La Presidencia de la Cámara de Diputados se vota entre las y los legisladores que integran el cuerpo. El presidente debe ser una persona con mandato vigente en la Cámara.
26,Elecciones 2021,¿Cuánto tiempo dura el mandato del diputado que es electo presidente de la Cámara de Diputados?,1 año,4 años,6 años,"La Presidencia de la Cámara de Diputados debe renovarse todos los años, con reelección indefinida."
27,Elecciones 2021,¿Cúantos bancas en la Cámara de Diputados renueva la provincia de Buenos Aires?,35,70,40,"Si bien la provincia de Buenos Aires tiene 70 bancas, cada dos años se renueva por mitades. Así, en 2021 se elegirán 35 bancas en la Cámara."
28,Elecciones 2021,¿Cuántos Diputados renueva la Ciudad Autónoma de Buenos Aires?,13,15,25,"Si bien la Ciudad de Buenos Aires tiene 25 bancas, cada dos años se renueva por mitades. Así, en 2021 se elegirán 13 bancas en la Cámara."
29,Elecciones 2021,¿Cuántas provincias eligen Diputados?,23,24,8,"Hay elecciones en 24  distritos electorales, pero solo 23 de ellos son provincias. Si bien coloquialmente se menciona a la Ciudad Autónoma de Buenos Aires como una provinca, estrictamente no lo es. Tramposa la pregunta, lo lamentamos."
30,Elecciones 2021,¿Cuántos senadores se eligen por la Ciudad Autónoma de Buenos Aires en 2021?,0,3,2,"Ninguno. La Ciudad Autónoma de Buenos Aires no elige senadores nacionales en 2021, sino en 2025."
,,,,,,
1,Ejecutivo,¿Cada cuantos años se vota presidente y vicepresidente?,4,6,2,Las elecciones para elegir presidente y vicepresidente se realizan consecutivamente cada 4 años. 
2,Ejecutivo,¿Cómo se eligen los ministros de un gobierno?,Los designa el presidente,Se votan junto con el presidente,Se votan en el Congreso,Los designa el presidente.
3,Ejecutivo,¿Cuántos años fue presidente Néstor Kirchner?,4,8,6,Néstor Kirchner fue presidente por 4 años. Desde el 25 de marzo de 2003 hasta el 10 de diciembre de 2007.
4,Ejecutivo,¿Bajo la presidencia de quién se re estatizó YPF?,Cristina Fernández de Kirchner,Nestor Kirchner,Mauricio Macri,"En 2012 Cristina Fernández puso en marcha ayer el plan oficial para que el Estado recupere el control de YPF, mediante la expropiación de un 51% de las acciones de la española Repsol. Fue el Congreso Nacional quien finalmente aprobó la re estatización."
5,Ejecutivo,¿Quién de estos políticos no fue presidente?,Patricia Bullrich,Eduardo Duhalde,Adolfo Rodríguez Saá,Patricia Bullrich no fue presidenta. Actualmente es una de las precandidatas por el espacio de Juntos por el Cambio. 
6,Ejecutivo,¿Cuántos presidentes tuvo Argentina desde la vuelta a la democracia en 1983?,11,8,12,"Tras el retorno de la democracia en 1983, Argentina ha tenido hasta el momento 11 presidentes. Cabe recordar que sobre el fin de 2001, la Argentina tuvo 5 presidentes en 11 días. "
7,Ejecutivo,¿Quién fue el presidente más joven argentina?,Nicolás Avellaneda ,Hipolito Yrigoyen,Nestor Kirchner,Nicolás Avellaneda fue el presidente más joven de Argentina asumiendo con 37 años.
8,Ejecutivo,¿Cuantos años fue presidente Raúl Alfonsín?,6,4,8,"Raúl Alfonsín fue presidente durante 6 años, de 1983 a 1989.. Su salida del poder se adelantó unos meses, con Carlos Menem ya electo presidente."
9,Ejecutivo,"Desde el retorno democrático, ¿quién de estos presidentes fue el que más tiempo gobernó? ",Carlos Menem,Cristina Fernández de Kirchner,Raul Alfonsin,El presidente que más tiempo gobernó desde el retorno democrático fue Carlos Menem. Estuvo en el cargo por 10 años y 5 meses.
10,Ejecutivo,¿Cuál de estos presidentes no es abogado?,Mauricio Macri,Raul Alfonsin,Nestor Kirchner,"Mauricio Macri no es abogado, estudió Ingeniería Civil."
11,Ejecutivo,¿Que ministro de Economía impulsó el Plan de Convertibilidad? ,Domingo Cavallo,Ricardo Lopez Murphy,Roberto Lavagna,"La Ley de Convertibilidad fue sancionada en 1991 por el Congreso de Argentina, durante el gobierno de Carlos Menem, bajo la iniciativa del entonces Ministro de Economía Domingo Cavallo."
12,Ejecutivo,¿Cuál fue el primer presidente constitucional de Argentina?,Justo José de Urquiza, Hipólito Yrigoyen,Juan Manuel de Rosas,"En 1854 Justo José de Urquiza fue electo como primer presidente de la Confederación Argentina, cargo que ocupó por seis años, por lo que también se convirtió así en el primer presidente constitucional argentino."
13,Ejecutivo,¿Cuántos mandatos presidenciales consecutivos puede cumplir una persona en Argentina?,2,3,1,"Una presidente puede ejercer dos mandatos de 4 años, es decir, que puede ser reelecto consecutivamente una sola vez. "
14,Ejecutivo,¿En qué año se celebraron las primeras elecciones presidenciales en Argentina con el voto secreto y obligatorio?,1916,1816,1853,"El domingo 2 de abril de 1916,  tras la sanción en 1912 de la Ley Sáenz Peña que estableció el voto, secreto y obligatorio, fue la primera vez que los argentinos eligieron presidente en las urnas"
15,Ejecutivo,¿Cuál es el requisito de edad mínima para ser presidente en Argentina?,30 años,35 años,40 años,"Según el artículo 55 de la Constitución, la edad mínima para postularse a Presidente es de de 30 años."
16,Ejecutivo,¿Quien de estos no fue parte de los 4 presidentes que hubo en 11 días durante el 2001 tras la renuncia de Fernando De La Rúa?,Carlos Álvarez,Eduardo Duhalde,Adolfo Rodríguez Saá,"El 20 de diciembre de 2001 renunció a su cargo Fernando de la Rúa, tras su salida, le sucedieron cuatro presidentes en once días: Ramón Puerta, Adolfo Rodríguez Saá, Eduardo Camaño y Eduardo Duhalde."
17,Ejecutivo,¿Cuál fue el presidente que anunció la salida del Plan de Convertibilidad?,Eduardo Duhalde,Nestor Kirchner ,Fernando De La Rua, Eduardo Duhalde en enero del 2002 anunció el fin de la Convertibilidad luego de casi 11 años de vigencia.
18,Ejecutivo,¿Quién fue el primer presidente argentino en ser reelecto después de la reforma constitucional de 1994?,Carlos Menem,Cristina Fernández de Kirchner,Néstor Kirchner,"Tras la reforma de la Constitución en 1994 que instauró nuevamente el período de cuatro años con una reelección, Menem logró ser reelecto hasta 1999. "
19,Ejecutivo,¿Bajo la Presidencia de quién se estableció el voto femenino en el país?,Juan Domingo Perón, Hipólito Yrigoyen,Raúl Alfonsín,"El 23 de septiembre de 1947, bajo el primer Gobierno de Juan Domingo Perón (1946-1955) se promulgó la ley que permitía a las mujeres argentinas ejercer su derecho al voto. "
20,Ejecutivo,¿Quién fue el primer presidente argentino en asumir el cargo tras la vuelta a la democracia en 1983?,Raúl Alfonsín,Carlos Menem,Juan Domingo Perón,"Raúl Alfonsín obtiene el 51% de los votos y el 10 de diciembre de 1983 asume como presidente, instaurando el periodo democrático que continua hasta la actualidad."
21,Ejecutivo,"¿Qué presidente argentino fue el impulsor del programa ""Fútbol para Todos""?",Cristina Fernández de Kirchner, Mauricio Macri,Néstor Kirchner, Fútbol para Todos fue creado en 2009 durante la presidencia de Cristina Fernández de Kirchner.
22,Ejecutivo,¿Quién fue el presidente argentino que restableció las relaciones diplomáticas con el Reino Unido después de la Guerra de las Malvinas?,Carlos Menem, Raúl Alfonsín,Fernando de la Rúa,"En 1998, Carlos Menem se reunió con la Reina Isabel II y fue el primer presidente en visitar Londres luego del estallido del conflicto bélico por las Islas Malvinas en 1982."
23,Ejecutivo,¿Por qué provincia fue reelecto Gildo Insfrán en 2023? ,Formosa,Chaco,Rio Negro,Gildo Insfrán fue reelecto  en la provincia de Formosa por octavo mandato consecutivo.
24,Ejecutivo,¿Cuál es la diferencia de votos que debe obtener un candidato para convertirse el presidente?,Ambas son correctas. ,El 40%  de los votos y una distancia de un 10 % respecto al segundo lugar.,El 45% del total de los votos,"Ambas son correctas. Según el Código Electoral Nacional: ""La fórmula que obtuviese más del 45 % de los votos se convertirá en ganadora en la primera vuelta. En su defecto, aquella que alcance el 40% y se distancie por -al menos- un 10 % respecto de la lista que quede en el segundo lugar""."
25,Ejecutivo,¿Cuál de estos fundadores de la Unión Cívica de la Juventud fue luego presidente del país?,Carlos Pellegrini ,Leandro N. Alem,Bernardo de Irigoyen,"Pellegrini asumió la presidencia del país luego de la renuncia de Miguel Juárez Celman tras los sucesos conocidos como Revolución del Parque. Pellegrini, que ocupaba la vicepresidencia, asumió hasta completar el mandato en 1892."
27,Ejecutivo,¿Cuál  de estos presidentes murió en funciones?,Ambas son correctas. ,Manuel Quintana,Juan Domingo Peron,"Ambas son correctas. Fueron 4 los presidentes que fallecieron en funciones: Manuel Quintana, Roberto Maria Ortiz, Roque Sáenz Peña y Juan Domingo Perón. "
28,Ejecutivo,¿Quién fue la primera mujer presidente de Argentina?,María Estela Martínez de Perón,Cristina Fernández de Kirchner ,Maria Eugenia Vidal,"María Estela Martínez de Perón, electa vicepresidenta, asumió la presidencia constitucional en 1974 tras el fallecimiento del presidente Perón."
29,Ejecutivo,¿Cuántos años gobernó Eduardo Duhalde?,1,3,4,Duhalde gobernó por un año y 5 meses: desde el 2 de enero de 2002 al 25 de mayo de 2003.
30,Ejecutivo,"¿Qué presidente fue apodado como ""la tortuga""?",Arturo Illia,Fernando De La Rua,Arturo Frondizi,"Arturo Illia fue apodado ""La Tortuga"" debido a una caricatura realizada por el dibujante Landrú que lo retrató como un presidente ""lento"". "
,,,,,,
1,Elecciones 2023,¿Quién es presidente del Bloque del Frente de Todos en la Cámara de Diputados? ,Germán Martínez, Mayra Mendoza ,Máximo Kirchner,"Germán Martínez es el presidente del Bloque, desde febrero de 2022. Sucedió en el cargo a Máximo Kirchner que renunció al cargo."
2,Elecciones 2023,¿Cuántas provincias eligen Diputados?,23,24,8,"Hay elecciones en 24 distritos electorales, pero sólo 23 de ellos son provincias. Si bien coloquialmente se menciona a la Ciudad Autónoma de Buenos Aires como una provincia, estrictamente no lo es. Tramposa la pregunta, lo lamentamos."
3,Elecciones 2023,¿Cuántas provincias eligen Senadores?,8,11,6,"Son 8 las provincias que renuevan senadores este 2023. Las provincias que deben elegir a sus representantes son Buenos Aires, Formosa, Jujuy, Misiones, La Rioja, San Luis, San Juan y Santa Cruz."
4,Elecciones 2023,¿Por qué distrito fue senadora Cristina Fernández entre 2001 y 2005?,Santa Cruz,Buenos Aires,Ciudad Autónoma de Buenos Aires,"Fue senadora por Santa Cruz. En el período anterior, entre 1997 y 2001, fue diputada nacional por el mismo distrito."
5,Elecciones 2023,¿Cuántas bancas pertenecen a la provincia de Buenos Aires en la Cámara de Diputados?,70,60,50,"Son 70 bancas, se renuevan 35 cada 2 años, más que cualquier otro distrito. El número de diputados por distrito es proporcional a su población y la ley establece que se actualiza cada vez que hay un censo. "
6,Elecciones 2023,¿Cuál de las siguientes provincias tiene más bancas en la Cámara de Diputados?,Mendoza,Entre Ríos,Jujuy,"A la provincia de Mendoza le corresponden 10 bancas, mientras que a Entre Ríos tiene 9 bancas y a Jujuy 6. "
7,Elecciones 2023,¿Cómo se renuevan las bancas en el Senado?,Por tercios,Por mitades,Se renueva por completo,El senado se renueva por tercios: 24 bancas cada 2 años.
8,Elecciones 2023,¿Cómo se renuevan las bancas en la Cámara de Diputados?,Por mitades,Por Tercios,Se renueva por completo,La Cámara de Diputados se renueva por mitades: 127 (o 130) bancas cada 2 años. En 2023 se renuevan 130 bancas.
9,Elecciones 2023,¿Quiénes de los siguientes grupos sociales no tienen la obligación de votar?,Mayores de 70 años,Médicos de guardia,Fuerzas de seguridad,"Las personas mayores de 70 no reciben sanciones si no se presentan a votar, su voto es optativo."
10,Elecciones 2023,¿Cuál de estos documentos puedo presentar para votar?,DNI,Pasaporte,Partida de nacimiento,"Para votar se puede presentar el DNI que figura en el padrón o una versión posterior. También se aceptan la Libreta de Enrolamiento o la Libreta Cívica, si son los que figuran en el Padrón y DNI tarjeta (incluso el que dice “no válido para votar”)."
11,Elecciones 2023,¿Cómo se financian las campañas electorales?,Aportes públicos y privados,Aportes públicos,Aportes privados,"En Argentina, las campañas electorales de los partidos políticos se financian con un modelo mixto por el cual los partidos obtienen financiamiento público y del sector privado."
12,Elecciones 2023,¿Cuál es la multa por no votar en las Primarias (PASO)?,50 pesos,500 pesos,5000 pesos,"La multa por no votar en las Primarias es de cincuenta pesos ($50). Si no se registra tu voto ni en las primarias ni en las elecciones generales, la multa total es de ciento cincuenta pesos ($150). Quienes no paguen la multa no podrán realizar gestiones y/o trámites ante organismos estatales por un año."
13,Elecciones 2023,¿Cuál es la pena si siendo autoridad de mesa no te presentás?,Prisión de 6 meses a 2 años,"Nada, no hay",Pagar una multa,"Si fuiste designada-o autoridad de mesa, presentarse es una obligación cívica.  No presentarse es un delito electoral que tiene una pena de prisión de seis meses a dos años."
14,Elecciones 2023,¿Cómo se llaman las personas designadas por los partidos políticos que están en las Mesas Electorales?,Fiscales,Suplentes,Partidistas,Las-os fiscales de mesa son designadas-os por los partidos políticos para controlar la elección. Su función es vigilar que se respete la Ley Electoral y cuidar las boletas de su partido.
15,Elecciones 2023,¿Las donaciones privadas a una campaña política tienen tope? ,Sí,No,Depende de la provincia,Sí. Los partidos no pueden recibir de una misma persona (humana o jurídica) un monto superior al dos por ciento (2%) de los gastos permitidos para la campaña.
16,Elecciones 2023,¿Todos los partidos reciben el mismo dinero por parte del Estado?,No,Sí,Depende de la provincia,"No. La Ley establece el reparto de los fondos públicos: el 50% de los fondos se distribuyen de forma igualitaria, y el otro 50% se distribuye en forma proporcional de acuerdo al resultado de la elección anterior."
17,Elecciones 2023,¿Cuánto dura el mandato de un/a diputado/a de la Nación?,4 años,6 años,5 años,Las y los diputados tienen un mandato de 4 años.
18,Elecciones 2023,¿Cuánto dura el mandato de un/a senador/a de la Nación?,6 años,4 años,Vitalicio,Las y los senadores tienen un mandato de 6 años.
19,Elecciones 2023,¿Las personas electas para el Congreso pueden ser reelectas?,Sí,No,Solo en Diputados,Las bancas en el Congreso Nacional pueden renovarse indefinidamente en ambas cámaras.
20,Elecciones 2023,¿Quién elige al presidente de la Cámara de Diputados?,La Cámara de Diputados,El presidente,El presidente con acuerdo de la Corte,La Presidencia de la Cámara de Diputados se vota entre las y los legisladores que integran el cuerpo. El presidente debe ser una persona con mandato vigente en la Cámara.
21,Elecciones 2023,¿Cuánto tiempo dura el mandato del diputado que es electo presidente de la Cámara de Diputados?,1 año,4 años,6 años,"La Presidencia de la Cámara de Diputados debe renovarse todos los años, con reelección indefinida."
22,Elecciones 2023,¿Cuántos bancas en la Cámara de Diputados renueva la provincia de Buenos Aires cada 2 años?,35,70,40,"Si bien la provincia de Buenos Aires tiene 70 bancas, cada dos años se renueva por mitades. Así, en 2023 se elegirán 35 bancas en la Cámara."
23,Elecciones 2023,¿Cuántos diputados renueva la Ciudad Autónoma de Buenos Aires en 2023?,12,15,25,"Si bien la Ciudad de Buenos Aires tiene 25 bancas, cada dos años se renueva por mitades. Así, en 2023 se elegirán 12 bancas en la Cámara."
24,Elecciones 2023,¿Cuántos diputados renueva la provincia de Santa Fe?,10,8,12,"Del total de 19  bancas de diputados que le corresponden, la provincia de Santa Fe renovará 10 bancas en 2023."
25,Elecciones 2023,¿Cuántos senadores se eligen por la Ciudad Autónoma de Buenos Aires en 2023?,0,3,2,"La Ciudad Autónoma de Buenos Aires no elegirá en 2023 senadores. Las 3 bancas correspondiente al distrito se renovarán en 2025.
"
26,Elecciones 2023,"¿Por qué distrito se postula Eduardo ""Wado"" de Pedro?",Buenos Aires,Córdoba ,Santa Fe,"Eduardo ""Wado"" de Pedro es pre candidato a senador por la provincia de Buenos Aires."
27,Elecciones 2023,¿Por qué distrito se postula Miguel Ángel Pichetto?,Buenos Aires,Río Negro,Ciudad Autónoma de Buenos Aires,Miguel Ángel Pichetto es precandidato a diputado por la provincia de Buenos Aires.
28,Elecciones 2023,¿Por qué distrito se postula Germán Martínez?,Santa Fe,San Luis,Córdoba ,Germán Martínez es precandidato a diputado por el distrito de Santa Fe.
29,Elecciones 2023,¿Por qué frente se presenta Sergio Massa como precandidato a presidente?,Unión por la Patria,Frente de Todos,Frente Renovador,Sergio Massa se presenta en el Frente Unión por la Patria.
30,Elecciones 2023,¿Quien acompaña en la precandidatura a la vicepresidencia en la fórmula encabezada por Patricia Bullrich?,Luis Petri,Gerardo Morales,Elisa Carrió,Luis Petri es el precandidato a vicepresidente en la fórmula encabezada por Patricia Bullrich.